[
  {
    "city": "Kabul",
    "country": "Afghanistan"
  },
  {
    "city": "Tirana",
    "country": "Albania"
  },
  {
    "city": "Algiers",
    "country": "Algeria"
  },
  {
    "city": "Andorra la Vella",
    "country": "Andorra"
  },
  {
    "city": "Luanda",
    "country": "Angola"
  },
  {
    "city": "St. John's",
    "country": "Antigua and Barbuda"
  },
  {
    "city": "Buenos Aires",
    "country": "Argentina"
  },
  {
    "city": "Yerevan",
    "country": "Armenia"
  },
  {
    "city": "Canberra",
    "country": "Australia"
  },
  {
    "city": "Vienna",
    "country": "Austria"
  },
  {
    "city": "Baku",
    "country": "Azerbaijan"
  },
  {
    "city": "Manama",
    "country": "Bahrain"
  },
  {
    "city": "Dhaka",
    "country": "Bangladesh"
  },
  {
    "city": "Bridgetown",
    "country": "Barbados"
  },
  {
    "city": "Minsk",
    "country": "Belarus"
  },
  {
    "city": "City of Brussels",
    "country": "Belgium"
  },
  {
    "city": "Belmopan",
    "country": "Belize"
  },
  {
    "city": "Porto-Novo",
    "country": "Benin"
  },
  {
    "city": "Thimphu",
    "country": "Bhutan"
  },
  {
    "city": "Sarajevo",
    "country": "Bosnia and Herzegovina"
  },
  {
    "city": "Gaborone",
    "country": "Botswana"
  },
  {
    "city": "Brasília",
    "country": "Brazil"
  },
  {
    "city": "Bandar Seri Begawan",
    "country": "Brunei"
  },
  {
    "city": "Sofia",
    "country": "Bulgaria"
  },
  {
    "city": "Ouagadougou",
    "country": "Burkina Faso"
  },
  {
    "city": "Gitega",
    "country": "Burundi"
  },
  {
    "city": "Phnom Penh",
    "country": "Cambodia"
  },
  {
    "city": "Yaoundé",
    "country": "Cameroon"
  },
  {
    "city": "Ottawa",
    "country": "Canada"
  },
  {
    "city": "Praia",
    "country": "Cape Verde"
  },
  {
    "city": "Bangui",
    "country": "Central African Republic"
  },
  {
    "city": "N'Djamena",
    "country": "Chad"
  },
  {
    "city": "Santiago",
    "country": "Chile"
  },
  {
    "city": "Bogotá",
    "country": "Colombia"
  },
  {
    "city": "Moroni",
    "country": "Comoros"
  },
  {
    "city": "San José",
    "country": "Costa Rica"
  },
  {
    "city": "Zagreb",
    "country": "Croatia"
  },
  {
    "city": "Havana",
    "country": "Cuba"
  },
  {
    "city": "Nicosia",
    "country": "Cyprus"
  },
  {
    "city": "Prague",
    "country": "Czech Republic"
  },
  {
    "city": "Kinshasa",
    "country": "Democratic Republic of the Congo"
  },
  {
    "city": "Djibouti City",
    "country": "Djibouti"
  },
  {
    "city": "Roseau",
    "country": "Dominica"
  },
  {
    "city": "Santo Domingo",
    "country": "Dominican Republic"
  },
  {
    "city": "Quito",
    "country": "Ecuador"
  },
  {
    "city": "Cairo",
    "country": "Egypt"
  },
  {
    "city": "San Salvador",
    "country": "El Salvador"
  },
  {
    "city": "Ciudad de la Paz",
    "country": "Equatorial Guinea"
  },
  {
    "city": "Asmara",
    "country": "Eritrea"
  },
  {
    "city": "Tallinn",
    "country": "Estonia"
  },
  {
    "city": "Addis Ababa",
    "country": "Ethiopia"
  },
  {
    "city": "Palikir",
    "country": "Federated States of Micronesia"
  },
  {
    "city": "Suva",
    "country": "Fiji"
  },
  {
    "city": "Helsinki",
    "country": "Finland"
  },
  {
    "city": "Paris",
    "country": "France"
  },
  {
    "city": "Libreville",
    "country": "Gabon"
  },
  {
    "city": "Tbilisi",
    "country": "Georgia"
  },
  {
    "city": "Berlin",
    "country": "Germany"
  },
  {
    "city": "Accra",
    "country": "Ghana"
  },
  {
    "city": "Athens",
    "country": "Greece"
  },
  {
    "city": "St. George's",
    "country": "Grenada"
  },
  {
    "city": "Guatemala City",
    "country": "Guatemala"
  },
  {
    "city": "Conakry",
    "country": "Guinea"
  },
  {
    "city": "Bissau",
    "country": "Guinea-Bissau"
  },
  {
    "city": "Georgetown",
    "country": "Guyana"
  },
  {
    "city": "Port-au-Prince",
    "country": "Haiti"
  },
  {
    "city": "Tegucigalpa",
    "country": "Honduras"
  },
  {
    "city": "Budapest",
    "country": "Hungary"
  },
  {
    "city": "Reykjavík",
    "country": "Iceland"
  },
  {
    "city": "New Delhi",
    "country": "India"
  },
  {
    "city": "Jakarta",
    "country": "Indonesia"
  },
  {
    "city": "Tehran",
    "country": "Iran"
  },
  {
    "city": "Baghdad",
    "country": "Iraq"
  },
  {
    "city": "Dublin",
    "country": "Ireland"
  },
  {
    "city": "Jerusalem",
    "country": "Israel"
  },
  {
    "city": "Rome",
    "country": "Italy"
  },
  {
    "city": "Yamoussoukro",
    "country": "Ivory Coast"
  },
  {
    "city": "Kingston",
    "country": "Jamaica"
  },
  {
    "city": "Tokyo",
    "country": "Japan"
  },
  {
    "city": "Amman",
    "country": "Jordan"
  },
  {
    "city": "Astana",
    "country": "Kazakhstan"
  },
  {
    "city": "Nairobi",
    "country": "Kenya"
  },
  {
    "city": "Copenhagen",
    "country": "Kingdom of Denmark"
  },
  {
    "city": "Amsterdam",
    "country": "Kingdom of the Netherlands"
  },
  {
    "city": "Kuwait City",
    "country": "Kuwait"
  },
  {
    "city": "Bishkek",
    "country": "Kyrgyzstan"
  },
  {
    "city": "Vientiane",
    "country": "Laos"
  },
  {
    "city": "Riga",
    "country": "Latvia"
  },
  {
    "city": "Beirut",
    "country": "Lebanon"
  },
  {
    "city": "Maseru",
    "country": "Lesotho"
  },
  {
    "city": "Monrovia",
    "country": "Liberia"
  },
  {
    "city": "Tripoli",
    "country": "Libya"
  },
  {
    "city": "Vaduz",
    "country": "Liechtenstein"
  },
  {
    "city": "Vilnius",
    "country": "Lithuania"
  },
  {
    "city": "Luxembourg",
    "country": "Luxembourg"
  },
  {
    "city": "Antananarivo",
    "country": "Madagascar"
  },
  {
    "city": "Lilongwe",
    "country": "Malawi"
  },
  {
    "city": "Kuala Lumpur",
    "country": "Malaysia"
  },
  {
    "city": "Malé",
    "country": "Maldives"
  },
  {
    "city": "Bamako",
    "country": "Mali"
  },
  {
    "city": "Valletta",
    "country": "Malta"
  },
  {
    "city": "Majuro",
    "country": "Marshall Islands"
  },
  {
    "city": "Nouakchott",
    "country": "Mauritania"
  },
  {
    "city": "Port Louis",
    "country": "Mauritius"
  },
  {
    "city": "Mexico City",
    "country": "Mexico"
  },
  {
    "city": "Chișinău",
    "country": "Moldova"
  },
  {
    "city": "Monaco City",
    "country": "Monaco"
  },
  {
    "city": "Ulaanbaatar",
    "country": "Mongolia"
  },
  {
    "city": "Rabat",
    "country": "Morocco"
  },
  {
    "city": "Maputo",
    "country": "Mozambique"
  },
  {
    "city": "Naypyidaw",
    "country": "Myanmar"
  },
  {
    "city": "Windhoek",
    "country": "Namibia"
  },
  {
    "city": "Yaren District",
    "country": "Nauru"
  },
  {
    "city": "Kathmandu",
    "country": "Nepal"
  },
  {
    "city": "Wellington",
    "country": "New Zealand"
  },
  {
    "city": "Managua",
    "country": "Nicaragua"
  },
  {
    "city": "Niamey",
    "country": "Niger"
  },
  {
    "city": "Abuja",
    "country": "Nigeria"
  },
  {
    "city": "Pyongyang",
    "country": "North Korea"
  },
  {
    "city": "Skopje",
    "country": "North Macedonia"
  },
  {
    "city": "Oslo",
    "country": "Norway"
  },
  {
    "city": "Muscat",
    "country": "Oman"
  },
  {
    "city": "Islamabad",
    "country": "Pakistan"
  },
  {
    "city": "Ngerulmud",
    "country": "Palau"
  },
  {
    "city": "Panama City",
    "country": "Panama"
  },
  {
    "city": "Port Moresby",
    "country": "Papua New Guinea"
  },
  {
    "city": "Asunción",
    "country": "Paraguay"
  },
  {
    "city": "Beijing",
    "country": "People's Republic of China"
  },
  {
    "city": "Lima",
    "country": "Peru"
  },
  {
    "city": "Manila",
    "country": "Philippines"
  },
  {
    "city": "Warsaw",
    "country": "Poland"
  },
  {
    "city": "Lisbon",
    "country": "Portugal"
  },
  {
    "city": "Doha",
    "country": "Qatar"
  },
  {
    "city": "Brazzaville",
    "country": "Republic of the Congo"
  },
  {
    "city": "Bucharest",
    "country": "Romania"
  },
  {
    "city": "Moscow",
    "country": "Russia"
  },
  {
    "city": "Kigali",
    "country": "Rwanda"
  },
  {
    "city": "Basseterre",
    "country": "Saint Kitts and Nevis"
  },
  {
    "city": "Castries",
    "country": "Saint Lucia"
  },
  {
    "city": "Kingstown",
    "country": "Saint Vincent and the Grenadines"
  },
  {
    "city": "Apia",
    "country": "Samoa"
  },
  {
    "city": "San Marino",
    "country": "San Marino"
  },
  {
    "city": "Riyadh",
    "country": "Saudi Arabia"
  },
  {
    "city": "Dakar",
    "country": "Senegal"
  },
  {
    "city": "Belgrade",
    "country": "Serbia"
  },
  {
    "city": "Victoria",
    "country": "Seychelles"
  },
  {
    "city": "Freetown",
    "country": "Sierra Leone"
  },
  {
    "city": "Singapore",
    "country": "Singapore"
  },
  {
    "city": "Bratislava",
    "country": "Slovakia"
  },
  {
    "city": "Ljubljana",
    "country": "Slovenia"
  },
  {
    "city": "Honiara",
    "country": "Solomon Islands"
  },
  {
    "city": "Mogadishu",
    "country": "Somalia"
  },
  {
    "city": "Seoul",
    "country": "South Korea"
  },
  {
    "city": "Juba",
    "country": "South Sudan"
  },
  {
    "city": "Madrid",
    "country": "Spain"
  },
  {
    "city": "Khartoum",
    "country": "Sudan"
  },
  {
    "city": "Paramaribo",
    "country": "Suriname"
  },
  {
    "city": "Stockholm",
    "country": "Sweden"
  },
  {
    "city": "Bern",
    "country": "Switzerland"
  },
  {
    "city": "Damascus",
    "country": "Syria"
  },
  {
    "city": "São Tomé",
    "country": "São Tomé and Príncipe"
  },
  {
    "city": "Taipei",
    "country": "Taiwan"
  },
  {
    "city": "Dushanbe",
    "country": "Tajikistan"
  },
  {
    "city": "Dodoma",
    "country": "Tanzania"
  },
  {
    "city": "Bangkok",
    "country": "Thailand"
  },
  {
    "city": "Nassau",
    "country": "The Bahamas"
  },
  {
    "city": "Banjul",
    "country": "The Gambia"
  },
  {
    "city": "Dili",
    "country": "Timor-Leste"
  },
  {
    "city": "Lomé",
    "country": "Togo"
  },
  {
    "city": "Nukuʻalofa",
    "country": "Tonga"
  },
  {
    "city": "Port of Spain",
    "country": "Trinidad and Tobago"
  },
  {
    "city": "Tunis",
    "country": "Tunisia"
  },
  {
    "city": "Ankara",
    "country": "Turkey"
  },
  {
    "city": "Ashgabat",
    "country": "Turkmenistan"
  },
  {
    "city": "Funafuti",
    "country": "Tuvalu"
  },
  {
    "city": "Kampala",
    "country": "Uganda"
  },
  {
    "city": "Kyiv",
    "country": "Ukraine"
  },
  {
    "city": "Abu Dhabi",
    "country": "United Arab Emirates"
  },
  {
    "city": "London",
    "country": "United Kingdom"
  },
  {
    "city": "Washington, D.C.",
    "country": "United States"
  },
  {
    "city": "Montevideo",
    "country": "Uruguay"
  },
  {
    "city": "Tashkent",
    "country": "Uzbekistan"
  },
  {
    "city": "Port Vila",
    "country": "Vanuatu"
  },
  {
    "city": "Caracas",
    "country": "Venezuela"
  },
  {
    "city": "Hanoi",
    "country": "Vietnam"
  },
  {
    "city": "Lusaka",
    "country": "Zambia"
  },
  {
    "city": "Harare",
    "country": "Zimbabwe"
  }
]